0,0,0,0,0.090059,0.119381
0.050042,0.003142,0,-0.003142,0.110432,0.144114
0.100083,0.00696,-1.2e-05,-0.00675,0.123988,0.161091
0.150125,0.011236,-4.1e-05,-0.010726,0.132958,0.172771
0.200167,0.015822,-9e-05,-0.014991,0.13885,0.180825
0.250209,0.020616,-0.000162,-0.019489,0.142679,0.18639
0.30025,0.025551,-0.000258,-0.024172,0.14513,0.190242
0.350292,0.03058,-0.00038,-0.029005,0.146661,0.19291
0.400334,0.035672,-0.000527,-0.033961,0.14758,0.194756
0.450375,0.040804,-0.000702,-0.039015,0.14809,0.196031
0.500417,0.045962,-0.000903,-0.044152,0.148328,0.196904
0.550459,0.051135,-0.001132,-0.049356,0.148384,0.197494
0.6005,0.056317,-0.001388,-0.054618,0.148317,0.197883
0.650542,0.061502,-0.001671,-0.059929,0.148166,0.198127
0.700584,0.066687,-0.001982,-0.065282,0.147956,0.198267
0.750626,0.07187,-0.002321,-0.070672,0.147704,0.19833
0.800667,0.077047,-0.002688,-0.076097,0.147418,0.198336
0.850709,0.082218,-0.003082,-0.081552,0.147106,0.198298
0.900751,0.087382,-0.003504,-0.087037,0.146771,0.198227
0.950792,0.092538,-0.003954,-0.09255,0.146415,0.198129
1.000834,0.097684,-0.004431,-0.098091,0.146041,0.198011
1.050876,0.10282,-0.004937,-0.103659,0.145647,0.197875
1.100917,0.107945,-0.00547,-0.109255,0.145235,0.197725
1.150959,0.113059,-0.006031,-0.114879,0.144804,0.197562
1.201001,0.11816,-0.00662,-0.120532,0.144355,0.197388
1.251043,0.123249,-0.007236,-0.126214,0.143887,0.197206
1.301084,0.128325,-0.00788,-0.131926,0.143399,0.197014
1.351126,0.133387,-0.008552,-0.137671,0.142893,0.196815
1.401168,0.138434,-0.009251,-0.143448,0.142367,0.19661
1.451209,0.143467,-0.009978,-0.14926,0.141821,0.196397
1.501251,0.148483,-0.010732,-0.155107,0.141257,0.196179
1.551293,0.153484,-0.011514,-0.160992,0.140672,0.195955
1.601334,0.158468,-0.012324,-0.166915,0.140068,0.195726
1.651376,0.163435,-0.01316,-0.172879,0.139444,0.195493
1.701418,0.168384,-0.014025,-0.178884,0.1388,0.195255
1.75146,0.173315,-0.014916,-0.184933,0.138136,0.195013
1.801501,0.178227,-0.015835,-0.191027,0.137453,0.194767
1.851543,0.18312,-0.016781,-0.197167,0.13675,0.194517
1.901585,0.187993,-0.017755,-0.203357,0.136028,0.194265
1.951626,0.192845,-0.018755,-0.209596,0.135286,0.19401
2.001668,0.197676,-0.019783,-0.215888,0.134524,0.193752
2.05171,0.202486,-0.020838,-0.222234,0.133743,0.193492
2.101751,0.207274,-0.02192,-0.228636,0.132943,0.19323
2.151793,0.212039,-0.023029,-0.235095,0.132124,0.192966
2.201835,0.216781,-0.024165,-0.241614,0.131285,0.192702
2.251877,0.2215,-0.025327,-0.248194,0.130427,0.192436
2.301918,0.226195,-0.026517,-0.254838,0.12955,0.19217
2.35196,0.230865,-0.027734,-0.261547,0.128655,0.191903
2.402002,0.235509,-0.028977,-0.268324,0.12774,0.191637
2.452043,0.240129,-0.030247,-0.27517,0.126807,0.191371
2.502085,0.244722,-0.031544,-0.282087,0.125856,0.191106
2.552127,0.249288,-0.032867,-0.289078,0.124886,0.190842
2.602168,0.253828,-0.034217,-0.296145,0.123898,0.19058
2.65221,0.258339,-0.035594,-0.30329,0.122892,0.19032
2.702252,0.262823,-0.036997,-0.310514,0.121868,0.190062
2.752294,0.267278,-0.038427,-0.31782,0.120827,0.189807
2.802335,0.271705,-0.039883,-0.325211,0.119768,0.189555
2.852377,0.276101,-0.041365,-0.332688,0.118691,0.189307
2.902419,0.280468,-0.042874,-0.340254,0.117597,0.189062
2.95246,0.284804,-0.044409,-0.347911,0.116487,0.188823
3.002502,0.289109,-0.045971,-0.355661,0.11536,0.188587
3.052544,0.293383,-0.047558,-0.363507,0.114216,0.188358
3.102585,0.297625,-0.049172,-0.371451,0.113056,0.188134
3.152627,0.301835,-0.050812,-0.379495,0.11188,0.187916
3.202669,0.306012,-0.052478,-0.387642,0.110688,0.187704
3.252711,0.310156,-0.054169,-0.395894,0.109481,0.1875
3.302752,0.314266,-0.055887,-0.404253,0.108259,0.187303
3.352794,0.318342,-0.057631,-0.412722,0.107022,0.187114
3.402836,0.322383,-0.059401,-0.421303,0.105771,0.186933
3.452877,0.32639,-0.061196,-0.429999,0.104505,0.186761
3.502919,0.330361,-0.063018,-0.438812,0.103226,0.186598
3.552961,0.334297,-0.064865,-0.447745,0.101934,0.186444
3.603003,0.338196,-0.066737,-0.456799,0.100629,0.1863
3.653044,0.342059,-0.068636,-0.465979,0.099311,0.186167
3.703086,0.345884,-0.07056,-0.475285,0.097982,0.186045
3.753128,0.349673,-0.072509,-0.48472,0.096641,0.185933
3.803169,0.353423,-0.074484,-0.494287,0.09529,0.185833
3.853211,0.357135,-0.076485,-0.503988,0.093928,0.185745
3.903253,0.360808,-0.078511,-0.513826,0.092557,0.185669
3.953294,0.364443,-0.080562,-0.523802,0.091177,0.185606
4.003336,0.368038,-0.082639,-0.533919,0.089788,0.185555
4.053378,0.371593,-0.08474,-0.54418,0.088393,0.185517
4.10342,0.375109,-0.086868,-0.554586,0.08699,0.185493
4.153461,0.378583,-0.08902,-0.56514,0.085582,0.185482
4.203503,0.382017,-0.091197,-0.575844,0.084169,0.185485
4.253545,0.385409,-0.0934,-0.586699,0.082751,0.185502
4.303586,0.38876,-0.095628,-0.597708,0.081331,0.185533
4.353628,0.392069,-0.09788,-0.608872,0.079908,0.185578
4.40367,0.395336,-0.100158,-0.620194,0.078485,0.185637
4.453711,0.39856,-0.10246,-0.631675,0.077061,0.185711
4.503753,0.401741,-0.104788,-0.643316,0.075639,0.185798
4.553795,0.404879,-0.10714,-0.655119,0.074219,0.1859
4.603837,0.407973,-0.109517,-0.667084,0.072803,0.186016
4.653878,0.411023,-0.111919,-0.679214,0.071392,0.186146
4.70392,0.414028,-0.114346,-0.691509,0.069988,0.186289
4.753962,0.41699,-0.116798,-0.70397,0.068592,0.186446
4.804003,0.419906,-0.119274,-0.716598,0.067205,0.186616
4.854045,0.422777,-0.121774,-0.729392,0.06583,0.186799
4.904087,0.425602,-0.1243,-0.742353,0.064467,0.186995
4.954128,0.428381,-0.12685,-0.755481,0.063119,0.187202
5.00417,0.431115,-0.129424,-0.768775,0.061788,0.18742
5.054212,0.433801,-0.132023,-0.782236,0.060474,0.187649
5.104254,0.436442,-0.134646,-0.795862,0.059181,0.187889
5.154295,0.439035,-0.137294,-0.809652,0.057909,0.188138
5.204337,0.44158,-0.139966,-0.823605,0.056661,0.188396
5.254379,0.444078,-0.142663,-0.837719,0.05544,0.188661
5.30442,0.446528,-0.145384,-0.851993,0.054246,0.188934
5.354462,0.44893,-0.148129,-0.866424,0.053083,0.189213
5.404504,0.451284,-0.150899,-0.881009,0.051952,0.189497
5.454545,0.453589,-0.153693,-0.895746,0.050855,0.189785
5.504587,0.455844,-0.15651,-0.910632,0.049795,0.190077
5.554629,0.458051,-0.159353,-0.925662,0.048773,0.190371
5.604671,0.460208,-0.162219,-0.940833,0.047792,0.190666
5.654712,0.462315,-0.165109,-0.956141,0.046855,0.190961
5.704754,0.464372,-0.168023,-0.971581,0.045962,0.191255
5.754796,0.466379,-0.170962,-0.987148,0.045117,0.191547
5.804837,0.468335,-0.173924,-1.002837,0.044321,0.191836
5.854879,0.470241,-0.17691,-1.018642,0.043576,0.192121
5.904921,0.472095,-0.17992,-1.034558,0.042884,0.1924
5.954962,0.473898,-0.182954,-1.050577,0.042248,0.192672
6.005004,0.47565,-0.186012,-1.066694,0.041668,0.192938
6.055046,0.47735,-0.189093,-1.082902,0.041147,0.193194
6.105088,0.478997,-0.192198,-1.099192,0.040686,0.193442
6.155129,0.480593,-0.195327,-1.115559,0.040287,0.193679
6.205171,0.482136,-0.198479,-1.131994,0.039951,0.193905
6.255213,0.483626,-0.201654,-1.148489,0.03968,0.19412
6.305254,0.485064,-0.204853,-1.165036,0.039473,0.194321
6.355296,0.486448,-0.208075,-1.181627,0.039333,0.19451
6.405338,0.487779,-0.211321,-1.198253,0.03926,0.194686
6.455379,0.489056,-0.214589,-1.214906,0.039255,0.194847
6.505421,0.49028,-0.217881,-1.231576,0.039318,0.194995
6.555463,0.491449,-0.221195,-1.248256,0.03945,0.195128
6.605505,0.492565,-0.224532,-1.264936,0.039651,0.195246
6.655546,0.493626,-0.227892,-1.281607,0.03992,0.19535
6.705588,0.494632,-0.231275,-1.29826,0.040258,0.195439
6.75563,0.495584,-0.23468,-1.314886,0.040665,0.195515
6.805671,0.49648,-0.238107,-1.331477,0.041139,0.195576
6.855713,0.497322,-0.241557,-1.348024,0.04168,0.195624
6.905755,0.498108,-0.245028,-1.364518,0.042288,0.195659
6.955796,0.498839,-0.248522,-1.380951,0.042961,0.195682
7.005838,0.499515,-0.252037,-1.397314,0.043699,0.195693
7.05588,0.500135,-0.255574,-1.413599,0.0445,0.195693
7.105922,0.500699,-0.259132,-1.429798,0.045362,0.195682
7.155963,0.501207,-0.262712,-1.445904,0.046286,0.195663
7.206005,0.501659,-0.266313,-1.461909,0.047268,0.195635
7.256047,0.502055,-0.269935,-1.477805,0.048307,0.1956
7.306088,0.502395,-0.273578,-1.493586,0.049402,0.195558
7.35613,0.502678,-0.277241,-1.509246,0.050551,0.195512
7.406172,0.502905,-0.280925,-1.524777,0.051752,0.195461
7.456214,0.503076,-0.28463,-1.540175,0.053003,0.195407
7.506255,0.50319,-0.288354,-1.555432,0.054302,0.195351
7.556297,0.503247,-0.292098,-1.570545,0.055647,0.195294
7.606339,0.503248,-0.295863,-1.585507,0.057037,0.195238
7.65638,0.503193,-0.299646,-1.600314,0.058469,0.195183
7.706422,0.50308,-0.303449,-1.614962,0.059941,0.195131
7.756464,0.502911,-0.307272,-1.629447,0.061451,0.195082
7.806505,0.502686,-0.311113,-1.643764,0.062997,0.195038
7.856547,0.502404,-0.314973,-1.657912,0.064577,0.195
7.906589,0.502065,-0.318852,-1.671886,0.06619,0.194969
7.956631,0.50167,-0.32275,-1.685683,0.067833,0.194945
8.006672,0.501218,-0.326665,-1.699303,0.069504,0.19493
8.056714,0.500709,-0.330599,-1.712741,0.071202,0.194924
8.106756,0.500145,-0.334551,-1.725997,0.072925,0.194928
8.156797,0.499524,-0.33852,-1.739069,0.07467,0.194943
8.206839,0.498846,-0.342507,-1.751955,0.076437,0.19497
8.256881,0.498113,-0.346512,-1.764655,0.078223,0.19501
8.306922,0.497323,-0.350534,-1.777168,0.080027,0.195062
8.356964,0.496478,-0.354572,-1.789493,0.081848,0.195128
8.407006,0.495576,-0.358628,-1.80163,0.083683,0.195207
8.457048,0.494619,-0.3627,-1.813579,0.085532,0.195301
8.507089,0.493607,-0.366789,-1.82534,0.087393,0.19541
8.557131,0.492538,-0.370895,-1.836914,0.089264,0.195534
8.607173,0.491415,-0.375016,-1.8483,0.091144,0.195674
8.657214,0.490236,-0.379154,-1.859499,0.093033,0.195829
8.707256,0.489003,-0.383308,-1.870513,0.094928,0.196
8.757298,0.487714,-0.387477,-1.881342,0.096829,0.196187
8.807339,0.486371,-0.391662,-1.891988,0.098735,0.19639
8.857381,0.484974,-0.395862,-1.902451,0.100645,0.196609
8.907423,0.483522,-0.400078,-1.912733,0.102557,0.196845
8.957465,0.482016,-0.404309,-1.922835,0.10447,0.197097
9.007506,0.480456,-0.408555,-1.932759,0.106385,0.197364
9.057548,0.478843,-0.412816,-1.942507,0.108299,0.197648
9.10759,0.477176,-0.417092,-1.95208,0.110212,0.197948
9.157631,0.475456,-0.421383,-1.96148,0.112124,0.198263
9.207673,0.473683,-0.425688,-1.97071,0.114033,0.198594
9.257715,0.471857,-0.430007,-1.97977,0.115939,0.198941
9.307756,0.469979,-0.434341,-1.988663,0.117841,0.199302
9.357798,0.468048,-0.438689,-1.997391,0.119739,0.199679
9.40784,0.466066,-0.44305,-2.005956,0.121632,0.20007
9.457882,0.464031,-0.447426,-2.01436,0.123519,0.200476
9.507923,0.461946,-0.451816,-2.022605,0.1254,0.200895
9.557965,0.459809,-0.456219,-2.030694,0.127274,0.201329
9.608007,0.457621,-0.460636,-2.038629,0.129141,0.201775
9.658048,0.455383,-0.465066,-2.046411,0.131,0.202235
9.70809,0.453094,-0.46951,-2.054043,0.132851,0.202707
9.758132,0.450755,-0.473967,-2.061528,0.134694,0.203192
9.808173,0.448367,-0.478437,-2.068867,0.136528,0.203689
9.858215,0.445929,-0.482921,-2.076063,0.138352,0.204197
9.908257,0.443442,-0.487417,-2.083118,0.140167,0.204716
9.958299,0.440906,-0.491926,-2.090034,0.141971,0.205246
10.00834,0.438321,-0.496448,-2.096813,0.143766,0.205786
10.058382,0.435689,-0.500982,-2.103458,0.145549,0.206337
10.108424,0.433008,-0.505529,-2.109971,0.147322,0.206896
10.158465,0.43028,-0.510089,-2.116354,0.149083,0.207465
10.208507,0.427505,-0.51466,-2.122609,0.150833,0.208042
10.258549,0.424683,-0.519245,-2.128739,0.152571,0.208628
10.30859,0.421814,-0.523841,-2.134745,0.154297,0.209221
10.358632,0.4189,-0.528449,-2.14063,0.156011,0.209822
10.408674,0.415939,-0.53307,-2.146395,0.157712,0.210429
10.458716,0.412933,-0.537702,-2.152043,0.1594,0.211043
10.508757,0.409882,-0.542346,-2.157577,0.161075,0.211663
10.558799,0.406787,-0.547002,-2.162997,0.162738,0.212288
10.608841,0.403647,-0.55167,-2.168306,0.164387,0.212919
10.658882,0.400463,-0.556349,-2.173506,0.166022,0.213554
10.708924,0.397235,-0.561039,-2.178598,0.167644,0.214194
10.758966,0.393964,-0.565741,-2.183586,0.169251,0.214838
10.809008,0.390651,-0.570454,-2.18847,0.170845,0.215485
10.859049,0.387295,-0.575178,-2.193253,0.172425,0.216134
10.909091,0.383897,-0.579913,-2.197936,0.17399,0.216787
10.959133,0.380457,-0.584659,-2.202521,0.175541,0.217441
11.009174,0.376976,-0.589417,-2.207011,0.177078,0.218098
11.059216,0.373454,-0.594184,-2.211406,0.178599,0.218755
11.109258,0.369891,-0.598963,-2.215708,0.180106,0.219414
11.159299,0.366289,-0.603752,-2.21992,0.181598,0.220073
11.209341,0.362647,-0.608552,-2.224042,0.183075,0.220732
11.259383,0.358965,-0.613362,-2.228077,0.184536,0.221391
11.309425,0.355245,-0.618182,-2.232026,0.185983,0.222049
11.359466,0.351487,-0.623013,-2.23589,0.187414,0.222706
11.409508,0.34769,-0.627853,-2.239671,0.188829,0.223361
11.45955,0.343856,-0.632704,-2.243371,0.190229,0.224015
11.509591,0.339985,-0.637564,-2.246991,0.191614,0.224666
11.559633,0.336077,-0.642435,-2.250532,0.192982,0.225314
11.609675,0.332133,-0.647314,-2.253996,0.194335,0.22596
11.659716,0.328154,-0.652204,-2.257385,0.195672,0.226602
11.709758,0.324138,-0.657103,-2.260699,0.196994,0.22724
11.7598,0.320088,-0.662011,-2.263939,0.198299,0.227874
11.809842,0.316004,-0.666928,-2.267108,0.199588,0.228504
11.859883,0.311885,-0.671855,-2.270206,0.200861,0.229128
11.909925,0.307733,-0.676791,-2.273235,0.202118,0.229748
11.959967,0.303548,-0.681735,-2.276195,0.203359,0.230361
12.010008,0.29933,-0.686688,-2.279088,0.204583,0.230969
12.06005,0.295079,-0.69165,-2.281915,0.205791,0.231571
12.110092,0.290798,-0.69662,-2.284677,0.206983,0.232166
12.160133,0.286484,-0.701599,-2.287376,0.208158,0.232754
12.210175,0.28214,-0.706586,-2.290011,0.209317,0.233335
12.260217,0.277766,-0.711582,-2.292584,0.210459,0.233909
12.310259,0.273362,-0.716585,-2.295097,0.211585,0.234474
12.3603,0.268929,-0.721596,-2.297549,0.212694,0.235032
12.410342,0.264466,-0.726615,-2.299942,0.213787,0.235581
12.460384,0.259976,-0.731642,-2.302278,0.214863,0.236121
12.510425,0.255457,-0.736676,-2.304555,0.215922,0.236652
12.560467,0.250911,-0.741718,-2.306776,0.216964,0.237174
12.610509,0.246338,-0.746767,-2.308942,0.21799,0.237687
12.66055,0.241738,-0.751823,-2.311052,0.218998,0.238189
12.710592,0.237113,-0.756886,-2.313108,0.21999,0.238681
12.760634,0.232462,-0.761956,-2.315111,0.220965,0.239163
12.810676,0.227786,-0.767033,-2.317061,0.221924,0.239635
12.860717,0.223086,-0.772116,-2.318958,0.222865,0.240095
12.910759,0.218362,-0.777206,-2.320804,0.223789,0.240544
12.960801,0.213614,-0.782302,-2.3226,0.224696,0.240982
13.010842,0.208843,-0.787404,-2.324345,0.225587,0.241409
13.060884,0.20405,-0.792513,-2.32604,0.22646,0.241823
13.110926,0.199236,-0.797627,-2.327686,0.227316,0.242226
13.160967,0.194399,-0.802747,-2.329283,0.228155,0.242616
13.211009,0.189542,-0.807873,-2.330833,0.228977,0.242994
13.261051,0.184665,-0.813005,-2.332335,0.229782,0.243359
13.311093,0.179767,-0.818141,-2.333789,0.230569,0.243711
13.361134,0.174851,-0.823283,-2.335197,0.23134,0.24405
13.411176,0.169916,-0.82843,-2.336559,0.232093,0.244376
13.461218,0.164962,-0.833582,-2.337875,0.232829,0.244688
13.511259,0.159991,-0.838739,-2.339146,0.233548,0.244987
13.561301,0.155003,-0.8439,-2.340371,0.23425,0.245272
13.611343,0.149998,-0.849066,-2.341552,0.234935,0.245543
13.661384,0.144976,-0.854237,-2.342688,0.235602,0.245799
13.711426,0.13994,-0.859411,-2.343781,0.236252,0.246042
13.761468,0.134888,-0.86459,-2.34483,0.236885,0.24627
13.81151,0.129822,-0.869772,-2.345836,0.2375,0.246483
13.861551,0.124742,-0.874959,-2.346798,0.238098,0.246682
13.911593,0.119649,-0.880149,-2.347718,0.238679,0.246866
13.961635,0.114543,-0.885342,-2.348595,0.239243,0.247035
14.011676,0.109424,-0.890539,-2.34943,0.239789,0.247188
14.061718,0.104294,-0.895739,-2.350222,0.240318,0.247326
14.11176,0.099153,-0.900942,-2.350973,0.24083,0.247449
14.161802,0.094001,-0.906148,-2.351682,0.241325,0.247557
14.211843,0.088839,-0.911357,-2.35235,0.241802,0.247648
14.261885,0.083668,-0.916568,-2.352977,0.242262,0.247724
14.311927,0.078487,-0.921782,-2.353562,0.242705,0.247784
14.361968,0.073299,-0.926998,-2.354106,0.24313,0.247829
14.41201,0.068102,-0.932216,-2.354609,0.243539,0.247857
14.462052,0.062898,-0.937436,-2.355072,0.24393,0.247868
14.512093,0.057688,-0.942658,-2.355494,0.244304,0.247864
14.562135,0.052471,-0.947882,-2.355876,0.244661,0.247843
14.612177,0.047249,-0.953108,-2.356217,0.245,0.247806
14.662219,0.042022,-0.958335,-2.356517,0.245323,0.247753
14.71226,0.036791,-0.963563,-2.356778,0.245628,0.247682
14.762302,0.031555,-0.968792,-2.356998,0.245917,0.247596
14.812344,0.026317,-0.974022,-2.357177,0.246188,0.247492
14.862385,0.021075,-0.979254,-2.357317,0.246443,0.247371
14.912427,0.015832,-0.984485,-2.357417,0.24668,0.247234
14.962469,0.010586,-0.989718,-2.357476,0.246901,0.24708
15.01251,0.00534,-0.99495,-2.357495,0.247105,0.246909
15.062552,9.4e-05,-1.000183,-2.357474,0.247292,0.246721
15.112594,-0.005153,-1.005417,-2.357413,0.247462,0.246515
15.162636,-0.010399,-1.01065,-2.357312,0.247615,0.246293
15.212677,-0.015643,-1.015882,-2.35717,0.247752,0.246053
15.262719,-0.020886,-1.021115,-2.356988,0.247872,0.245796
15.312761,-0.026126,-1.026347,-2.356765,0.247976,0.245522
15.362802,-0.031364,-1.031578,-2.356503,0.248063,0.245231
15.412844,-0.036597,-1.036809,-2.356199,0.248134,0.244922
15.462886,-0.041827,-1.042038,-2.355855,0.248189,0.244596
15.512927,-0.047052,-1.047267,-2.35547,0.248227,0.244253
15.562969,-0.052272,-1.052494,-2.355044,0.248249,0.243892
15.613011,-0.057486,-1.05772,-2.354577,0.248255,0.243513
15.663053,-0.062693,-1.062945,-2.354069,0.248245,0.243118
15.713094,-0.067894,-1.068167,-2.35352,0.248219,0.242704
15.763136,-0.073087,-1.073388,-2.352929,0.248177,0.242274
15.813178,-0.078272,-1.078607,-2.352297,0.248119,0.241825
15.863219,-0.083448,-1.083824,-2.351623,0.248046,0.24136
15.913261,-0.088615,-1.089039,-2.350906,0.247957,0.240876
15.963303,-0.093773,-1.094251,-2.350148,0.247852,0.240376
16.013344,-0.09892,-1.099461,-2.349347,0.247733,0.239857
16.063386,-0.104056,-1.104668,-2.348503,0.247598,0.239321
16.113428,-0.109181,-1.109872,-2.347616,0.247448,0.238768
16.16347,-0.114293,-1.115073,-2.346686,0.247282,0.238197
16.213511,-0.119393,-1.120271,-2.345713,0.247102,0.237608
16.263553,-0.12448,-1.125466,-2.344695,0.246908,0.237002
16.313595,-0.129554,-1.130657,-2.343634,0.246698,0.236379
16.363636,-0.134613,-1.135845,-2.342528,0.246474,0.235738
16.413678,-0.139657,-1.141029,-2.341378,0.246236,0.23508
16.46372,-0.144686,-1.146209,-2.340183,0.245983,0.234404
16.513761,-0.149699,-1.151385,-2.338942,0.245716,0.23371
16.563803,-0.154696,-1.156557,-2.337656,0.245436,0.233
16.613845,-0.159675,-1.161725,-2.336323,0.245141,0.232271
16.663887,-0.164637,-1.166888,-2.334944,0.244833,0.231526
16.713928,-0.169581,-1.172047,-2.333519,0.244511,0.230763
16.76397,-0.174507,-1.177201,-2.332046,0.244176,0.229983
16.814012,-0.179413,-1.18235,-2.330525,0.243828,0.229185
16.864053,-0.1843,-1.187494,-2.328956,0.243467,0.22837
16.914095,-0.189166,-1.192634,-2.327338,0.243093,0.227539
16.964137,-0.194012,-1.197767,-2.325672,0.242707,0.226689
17.014178,-0.198836,-1.202896,-2.323956,0.242308,0.225823
17.06422,-0.203639,-1.208018,-2.32219,0.241896,0.22494
17.114262,-0.208419,-1.213135,-2.320373,0.241473,0.224039
17.164304,-0.213177,-1.218247,-2.318505,0.241038,0.223122
17.214345,-0.217911,-1.223352,-2.316585,0.240591,0.222187
17.264387,-0.222621,-1.228451,-2.314613,0.240132,0.221236
17.314429,-0.227307,-1.233543,-2.312589,0.239663,0.220268
17.36447,-0.231968,-1.23863,-2.310511,0.239182,0.219283
17.414512,-0.236604,-1.24371,-2.308379,0.238691,0.218281
17.464554,-0.241213,-1.248783,-2.306192,0.238188,0.217262
17.514595,-0.245797,-1.253849,-2.30395,0.237676,0.216227
17.564637,-0.250353,-1.258908,-2.301652,0.237153,0.215176
17.614679,-0.254882,-1.26396,-2.299297,0.236621,0.214107
17.664721,-0.259383,-1.269005,-2.296885,0.236079,0.213022
17.714762,-0.263856,-1.274042,-2.294415,0.235527,0.211921
17.764804,-0.2683,-1.279072,-2.291885,0.234967,0.210804
17.814846,-0.272714,-1.284094,-2.289297,0.234397,0.20967
17.864887,-0.277099,-1.289109,-2.286647,0.233819,0.20852
17.914929,-0.281453,-1.294115,-2.283937,0.233232,0.207353
17.964971,-0.285777,-1.299113,-2.281164,0.232638,0.206171
18.015013,-0.290069,-1.304103,-2.278328,0.232036,0.204973
18.065054,-0.29433,-1.309085,-2.275428,0.231426,0.203758
18.115096,-0.298558,-1.314058,-2.272464,0.230809,0.202528
18.165138,-0.302754,-1.319023,-2.269434,0.230185,0.201282
18.215179,-0.306916,-1.323979,-2.266337,0.229554,0.200021
18.265221,-0.311045,-1.328925,-2.263173,0.228918,0.198744
18.315263,-0.315141,-1.333863,-2.25994,0.228275,0.197451
18.365304,-0.319201,-1.338792,-2.256638,0.227627,0.196143
18.415346,-0.323227,-1.343711,-2.253264,0.226973,0.194819
18.465388,-0.327217,-1.348621,-2.249819,0.226314,0.19348
18.51543,-0.331172,-1.353521,-2.246301,0.225651,0.192126
18.565471,-0.335091,-1.358411,-2.242709,0.224984,0.190757
18.615513,-0.338972,-1.363292,-2.239042,0.224312,0.189373
18.665555,-0.342817,-1.368163,-2.235299,0.223637,0.187974
18.715596,-0.346625,-1.373023,-2.231478,0.222959,0.18656
18.765638,-0.350394,-1.377873,-2.227578,0.222278,0.185132
18.81568,-0.354126,-1.382713,-2.223598,0.221594,0.183689
18.865721,-0.357818,-1.387542,-2.219537,0.220909,0.182231
18.915763,-0.361472,-1.392361,-2.215393,0.220221,0.180759
18.965805,-0.365086,-1.397169,-2.211165,0.219533,0.179273
19.015847,-0.36866,-1.401966,-2.206851,0.218843,0.177773
19.065888,-0.372194,-1.406751,-2.20245,0.218154,0.176258
19.11593,-0.375687,-1.411526,-2.197962,0.217464,0.17473
19.165972,-0.37914,-1.416289,-2.193383,0.216774,0.173188
19.216013,-0.382551,-1.421041,-2.188713,0.216085,0.171632
19.266055,-0.38592,-1.425782,-2.18395,0.215398,0.170063
19.316097,-0.389247,-1.43051,-2.179093,0.214712,0.16848
19.366138,-0.392532,-1.435227,-2.17414,0.214028,0.166884
19.41618,-0.395774,-1.439932,-2.169088,0.213347,0.165275
19.466222,-0.398973,-1.444625,-2.163938,0.212669,0.163653
19.516264,-0.402128,-1.449306,-2.158686,0.211994,0.162019
19.566305,-0.40524,-1.453974,-2.153332,0.211323,0.160371
19.616347,-0.408307,-1.45863,-2.147872,0.210657,0.158711
19.666389,-0.41133,-1.463273,-2.142307,0.209996,0.157039
19.71643,-0.414308,-1.467904,-2.136633,0.20934,0.155355
19.766472,-0.41724,-1.472521,-2.130849,0.20869,0.153659
19.816514,-0.420128,-1.477126,-2.124953,0.208046,0.151952
19.866555,-0.422969,-1.481718,-2.118943,0.207409,0.150232
19.916597,-0.425765,-1.486297,-2.112817,0.206779,0.148502
19.966639,-0.428514,-1.490862,-2.106573,0.206157,0.14676
20.016681,-0.431217,-1.495414,-2.100209,0.205544,0.145008
20.066722,-0.433872,-1.499953,-2.093723,0.204939,0.143245
20.116764,-0.43648,-1.504477,-2.087113,0.204344,0.141472
20.166806,-0.439041,-1.508988,-2.080377,0.203758,0.139689
20.216847,-0.441554,-1.513486,-2.073512,0.203183,0.137896
20.266889,-0.444019,-1.517969,-2.066517,0.202618,0.136094
20.316931,-0.446436,-1.522438,-2.05939,0.202065,0.134283
20.366972,-0.448804,-1.526893,-2.052127,0.201524,0.132463
20.417014,-0.451124,-1.531333,-2.044728,0.200994,0.130635
20.467056,-0.453394,-1.53576,-2.037189,0.200478,0.128798
20.517098,-0.455615,-1.540171,-2.029509,0.199975,0.126954
20.567139,-0.457786,-1.544568,-2.021686,0.199485,0.125103
20.617181,-0.459908,-1.54895,-2.013716,0.199009,0.123245
20.667223,-0.46198,-1.553318,-2.005599,0.198548,0.121381
20.717264,-0.464001,-1.55767,-1.997331,0.198102,0.119512
20.767306,-0.465972,-1.562008,-1.98891,0.197672,0.117637
20.817348,-0.467892,-1.56633,-1.980335,0.197257,0.115757
20.867389,-0.469762,-1.570637,-1.971603,0.196858,0.113873
20.917431,-0.471581,-1.574928,-1.962712,0.196476,0.111986
20.967473,-0.473348,-1.579204,-1.953659,0.19611,0.110096
21.017515,-0.475064,-1.583465,-1.944444,0.195762,0.108204
21.067556,-0.476728,-1.58771,-1.935062,0.195431,0.106311
21.117598,-0.478341,-1.591939,-1.925514,0.195118,0.104417
21.16764,-0.479901,-1.596152,-1.915796,0.194822,0.102524
21.217681,-0.481409,-1.60035,-1.905907,0.194545,0.100631
21.267723,-0.482866,-1.604531,-1.895844,0.194286,0.09874
21.317765,-0.484269,-1.608696,-1.885607,0.194046,0.096853
21.367807,-0.48562,-1.612845,-1.875194,0.193823,0.094969
21.417848,-0.486919,-1.616978,-1.864602,0.19362,0.093091
21.46789,-0.488164,-1.621094,-1.853831,0.193435,0.091218
21.517932,-0.489357,-1.625194,-1.84288,0.193268,0.089353
21.567973,-0.490496,-1.629278,-1.831746,0.19312,0.087496
21.618015,-0.491582,-1.633344,-1.820429,0.192989,0.085649
21.668057,-0.492614,-1.637394,-1.808928,0.192877,0.083813
21.718098,-0.493593,-1.641428,-1.797243,0.192783,0.081989
21.76814,-0.494519,-1.645444,-1.785372,0.192706,0.08018
21.818182,-0.49539,-1.649443,-1.773316,0.192646,0.078386
21.868224,-0.496208,-1.653426,-1.761073,0.192603,0.076608
21.918265,-0.496972,-1.657391,-1.748646,0.192576,0.074849
21.968307,-0.497682,-1.661339,-1.736032,0.192564,0.073111
22.018349,-0.498337,-1.66527,-1.723233,0.192568,0.071394
22.06839,-0.498938,-1.669184,-1.710251,0.192585,0.069701
22.118432,-0.499485,-1.67308,-1.697084,0.192617,0.068034
22.168474,-0.499978,-1.676958,-1.683736,0.192661,0.066393
22.218515,-0.500416,-1.680819,-1.670207,0.192718,0.064782
22.268557,-0.500799,-1.684663,-1.6565,0.192785,0.063203
22.318599,-0.501128,-1.688488,-1.642616,0.192863,0.061656
22.368641,-0.501401,-1.692296,-1.628558,0.192949,0.060144
22.418682,-0.501621,-1.696087,-1.614329,0.193044,0.05867
22.468724,-0.501785,-1.699859,-1.599932,0.193146,0.057235
22.518766,-0.501894,-1.703613,-1.58537,0.193254,0.05584
22.568807,-0.501949,-1.707349,-1.570647,0.193367,0.05449
22.618849,-0.501948,-1.711067,-1.555767,0.193483,0.053184
22.668891,-0.501893,-1.714766,-1.540735,0.193601,0.051925
22.718932,-0.501782,-1.718447,-1.525556,0.193721,0.050716
22.768974,-0.501616,-1.72211,-1.510234,0.19384,0.049558
22.819016,-0.501395,-1.725755,-1.494775,0.193958,0.048453
22.869058,-0.501119,-1.72938,-1.479185,0.194074,0.047403
22.919099,-0.500788,-1.732987,-1.463471,0.194186,0.046409
22.969141,-0.500401,-1.736575,-1.447637,0.194293,0.045473
23.019183,-0.499959,-1.740145,-1.431692,0.194394,0.044598
23.069224,-0.499462,-1.743695,-1.415643,0.194488,0.043783
23.119266,-0.49891,-1.747226,-1.399496,0.194574,0.043032
23.169308,-0.498302,-1.750738,-1.383259,0.19465,0.042344
23.219349,-0.49764,-1.75423,-1.366941,0.194717,0.041721
23.269391,-0.496922,-1.757704,-1.350548,0.194772,0.041165
23.319433,-0.496148,-1.761157,-1.33409,0.194816,0.040675
23.369475,-0.49532,-1.764591,-1.317575,0.194847,0.040253
23.419516,-0.494437,-1.768005,-1.301011,0.194865,0.039899
23.469558,-0.493498,-1.771399,-1.284408,0.19487,0.039614
23.5196,-0.492504,-1.774773,-1.267773,0.194861,0.039397
23.569641,-0.491456,-1.778127,-1.251117,0.194837,0.03925
23.619683,-0.490352,-1.78146,-1.234446,0.194799,0.039171
23.669725,-0.489194,-1.784773,-1.217772,0.194747,0.03916
23.719766,-0.487981,-1.788065,-1.201102,0.194679,0.039218
23.769808,-0.486713,-1.791337,-1.184445,0.194598,0.039343
23.81985,-0.485391,-1.794587,-1.167811,0.194501,0.039535
23.869892,-0.484014,-1.797817,-1.151208,0.194391,0.039793
23.919933,-0.482583,-1.801025,-1.134644,0.194268,0.040116
23.969975,-0.481098,-1.804211,-1.118127,0.194131,0.040502
24.020017,-0.479559,-1.807376,-1.101667,0.193981,0.040951
24.070058,-0.477965,-1.81052,-1.085271,0.19382,0.04146
24.1201,-0.476319,-1.813641,-1.068947,0.193647,0.042029
24.170142,-0.474618,-1.81674,-1.052702,0.193463,0.042655
24.220183,-0.472864,-1.819817,-1.036544,0.19327,0.043338
24.270225,-0.471057,-1.822872,-1.02048,0.193069,0.044074
24.320267,-0.469197,-1.825904,-1.004516,0.192859,0.044863
24.370309,-0.467283,-1.828913,-0.988659,0.192643,0.045702
24.42035,-0.465318,-1.831899,-0.972916,0.19242,0.046589
24.470392,-0.4633,-1.834862,-0.957291,0.192193,0.047522
24.520434,-0.46123,-1.837802,-0.94179,0.191961,0.048499
24.570475,-0.459107,-1.840719,-0.926419,0.191727,0.049518
24.620517,-0.456934,-1.843612,-0.911183,0.191491,0.050576
24.670559,-0.454709,-1.846481,-0.896085,0.191254,0.051673
24.720601,-0.452432,-1.849327,-0.881129,0.191017,0.052804
24.770642,-0.450105,-1.852148,-0.866321,0.190782,0.053969
24.820684,-0.447728,-1.854946,-0.851662,0.190548,0.055165
24.870726,-0.4453,-1.857719,-0.837157,0.190317,0.05639
24.920767,-0.442822,-1.860467,-0.822808,0.19009,0.057642
24.970809,-0.440294,-1.863191,-0.808617,0.189868,0.058919
25.020851,-0.437718,-1.865891,-0.794587,0.189652,0.060219
25.070892,-0.435092,-1.868565,-0.780719,0.189442,0.06154
25.120934,-0.432417,-1.871215,-0.767015,0.189239,0.06288
25.170976,-0.429694,-1.873839,-0.753477,0.189043,0.064237
25.221018,-0.426924,-1.876439,-0.740105,0.188856,0.06561
25.271059,-0.424105,-1.879013,-0.7269,0.188678,0.066996
25.321101,-0.421239,-1.881561,-0.713862,0.188509,0.068395
25.371143,-0.418327,-1.884084,-0.700993,0.18835,0.069804
25.421184,-0.415368,-1.886582,-0.688292,0.188201,0.071221
25.471226,-0.412362,-1.889054,-0.675758,0.188064,0.072646
25.521268,-0.409311,-1.8915,-0.663392,0.187937,0.074077
25.571309,-0.406214,-1.89392,-0.651193,0.187821,0.075512
25.621351,-0.403073,-1.896314,-0.63916,0.187717,0.07695
25.671393,-0.399886,-1.898682,-0.627292,0.187625,0.078391
25.721435,-0.396656,-1.901025,-0.615588,0.187545,0.079832
25.771476,-0.393381,-1.90334,-0.604047,0.187476,0.081272
25.821518,-0.390063,-1.90563,-0.592668,0.18742,0.082711
25.87156,-0.386703,-1.907893,-0.58145,0.187376,0.084147
25.921601,-0.383299,-1.91013,-0.570389,0.187344,0.08558
25.971643,-0.379853,-1.912341,-0.559486,0.187324,0.087008
26.021685,-0.376366,-1.914525,-0.548738,0.187315,0.08843
26.071726,-0.372837,-1.916682,-0.538143,0.187319,0.089846
26.121768,-0.369267,-1.918813,-0.5277,0.187334,0.091255
26.17181,-0.365656,-1.920918,-0.517405,0.187361,0.092656
26.221852,-0.362006,-1.922995,-0.507258,0.187399,0.094049
26.271893,-0.358316,-1.925046,-0.497257,0.187449,0.095432
26.321935,-0.354587,-1.92707,-0.487398,0.187509,0.096805
26.371977,-0.350818,-1.929067,-0.477679,0.18758,0.098167
26.422018,-0.347012,-1.931038,-0.468099,0.187661,0.099518
26.47206,-0.343168,-1.932981,-0.458656,0.187752,0.100858
26.522102,-0.339286,-1.934898,-0.449345,0.187853,0.102185
26.572143,-0.335367,-1.936788,-0.440167,0.187964,0.1035
26.622185,-0.331412,-1.938651,-0.431117,0.188084,0.104801
26.672227,-0.327421,-1.940487,-0.422194,0.188212,0.106089
26.722269,-0.323394,-1.942295,-0.413395,0.188349,0.107362
26.77231,-0.319332,-1.944077,-0.404718,0.188494,0.108621
26.822352,-0.315235,-1.945832,-0.39616,0.188647,0.109865
26.872394,-0.311104,-1.94756,-0.387719,0.188807,0.111094
26.922435,-0.30694,-1.949261,-0.379393,0.188974,0.112308
26.972477,-0.302742,-1.950935,-0.371179,0.189148,0.113506
27.022519,-0.298511,-1.952581,-0.363074,0.189328,0.114688
27.07256,-0.294248,-1.954201,-0.355077,0.189513,0.115853
27.122602,-0.289954,-1.955793,-0.347185,0.189705,0.117002
27.172644,-0.285627,-1.957359,-0.339395,0.189901,0.118133
27.222686,-0.28127,-1.958897,-0.331706,0.190102,0.119248
27.272727,-0.276883,-1.960408,-0.324114,0.190307,0.120346
27.322769,-0.272466,-1.961892,-0.316618,0.190517,0.121426
27.372811,-0.268019,-1.963349,-0.309216,0.19073,0.122488
27.422852,-0.263544,-1.964779,-0.301904,0.190946,0.123532
27.472894,-0.25904,-1.966181,-0.294681,0.191165,0.124558
27.522936,-0.254508,-1.967557,-0.287545,0.191386,0.125566
27.572977,-0.249949,-1.968905,-0.280493,0.191609,0.126556
27.623019,-0.245363,-1.970226,-0.273523,0.191835,0.127527
27.673061,-0.240751,-1.97152,-0.266633,0.192061,0.128479
27.723103,-0.236113,-1.972787,-0.25982,0.192289,0.129413
27.773144,-0.231449,-1.974027,-0.253084,0.192517,0.130328
27.823186,-0.226761,-1.975239,-0.246421,0.192745,0.131223
27.873228,-0.222048,-1.976425,-0.239829,0.192974,0.1321
27.923269,-0.217312,-1.977583,-0.233307,0.193202,0.132957
27.973311,-0.212552,-1.978714,-0.226852,0.19343,0.133795
28.023353,-0.207769,-1.979818,-0.220463,0.193656,0.134614
28.073394,-0.202964,-1.980895,-0.214137,0.193881,0.135413
28.123436,-0.198138,-1.981944,-0.207872,0.194105,0.136193
28.173478,-0.19329,-1.982967,-0.201667,0.194327,0.136953
28.22352,-0.188421,-1.983962,-0.19552,0.194546,0.137693
28.273561,-0.183533,-1.98493,-0.189429,0.194763,0.138413
28.323603,-0.178625,-1.985871,-0.183391,0.194978,0.139114
28.373645,-0.173697,-1.986785,-0.177406,0.195189,0.139794
28.423686,-0.168751,-1.987672,-0.17147,0.195397,0.140455
28.473728,-0.163787,-1.988532,-0.165584,0.195601,0.141096
28.52377,-0.158806,-1.989364,-0.159744,0.195801,0.141716
28.573812,-0.153808,-1.99017,-0.153949,0.195998,0.142317
28.623853,-0.148793,-1.990948,-0.148198,0.19619,0.142897
28.673895,-0.143762,-1.991699,-0.142488,0.196377,0.143457
28.723937,-0.138717,-1.992423,-0.136818,0.19656,0.143997
28.773978,-0.133656,-1.993119,-0.131186,0.196738,0.144517
28.82402,-0.128581,-1.993789,-0.125591,0.196911,0.145017
28.874062,-0.123493,-1.994431,-0.120031,0.197078,0.145496
28.924103,-0.118391,-1.995047,-0.114504,0.197239,0.145955
28.974145,-0.113277,-1.995635,-0.109009,0.197395,0.146393
29.024187,-0.108151,-1.996196,-0.103545,0.197545,0.146811
29.074229,-0.103013,-1.99673,-0.098109,0.197689,0.147209
29.12427,-0.097864,-1.997237,-0.0927,0.197826,0.147586
29.174312,-0.092705,-1.997716,-0.087318,0.197957,0.147943
29.224354,-0.087537,-1.998169,-0.081959,0.198081,0.14828
29.274395,-0.082359,-1.998594,-0.076623,0.198199,0.148596
29.324437,-0.077172,-1.998992,-0.071308,0.19831,0.148891
29.374479,-0.071977,-1.999363,-0.066014,0.198413,0.149166
29.42452,-0.066775,-1.999707,-0.060737,0.19851,0.149421
29.474562,-0.061566,-2.000024,-0.055478,0.198599,0.149655
29.524604,-0.05635,-2.000314,-0.050234,0.198681,0.149869
29.574646,-0.051128,-2.000576,-0.045004,0.198756,0.150062
29.624687,-0.045901,-2.000811,-0.039787,0.198822,0.150235
29.674729,-0.040669,-2.00102,-0.034581,0.198882,0.150387
29.724771,-0.035434,-2.001201,-0.029385,0.198933,0.150519
29.774812,-0.030194,-2.001355,-0.024198,0.198977,0.15063
29.824854,-0.024951,-2.001482,-0.019018,0.199013,0.150721
29.874896,-0.019706,-2.001582,-0.013843,0.199041,0.150791
29.924937,-0.014459,-2.001654,-0.008674,0.199061,0.150841
29.974979,-0.009211,-2.0017,-0.003507,0.199074,0.150871
30.025021,-0.003962,-2.001718,0.001657,0.199078,0.15088
30.075063,0.001287,-2.001709,0.006821,0.199074,0.150868
30.125104,0.006536,-2.001674,0.011986,0.199062,0.150836
30.175146,0.011785,-2.001611,0.017153,0.199043,0.150784
30.225188,0.017031,-2.001521,0.022324,0.199015,0.150711
30.275229,0.022276,-2.001404,0.027499,0.198979,0.150618
30.325271,0.027518,-2.001259,0.032681,0.198935,0.150505
30.375313,0.032757,-2.001088,0.03787,0.198883,0.150371
30.425354,0.037992,-2.00089,0.043067,0.198823,0.150217
30.475396,0.043222,-2.000664,0.048275,0.198756,0.150043
30.525438,0.048448,-2.000412,0.053494,0.19868,0.149848
30.57548,0.053669,-2.000132,0.058726,0.198597,0.149633
30.625521,0.058883,-1.999826,0.063972,0.198506,0.149398
30.675563,0.064091,-1.999492,0.069234,0.198407,0.149142
30.725605,0.069292,-1.999132,0.074512,0.198301,0.148866
30.775646,0.074485,-1.998744,0.079809,0.198187,0.14857
30.825688,0.07967,-1.998329,0.085125,0.198066,0.148254
30.87573,0.084846,-1.997887,0.090462,0.197937,0.147918
30.925771,0.090012,-1.997419,0.095821,0.197802,0.147562
30.975813,0.095169,-1.996923,0.101204,0.197659,0.147185
31.025855,0.100315,-1.996401,0.106612,0.197509,0.146789
31.075897,0.10545,-1.995851,0.112046,0.197353,0.146373
31.125938,0.110574,-1.995275,0.117508,0.19719,0.145936
31.17598,0.115685,-1.994671,0.123,0.197021,0.14548
31.226022,0.120784,-1.994041,0.128522,0.196845,0.145004
31.276063,0.125869,-1.993384,0.134077,0.196663,0.144508
31.326105,0.130941,-1.9927,0.139665,0.196475,0.143992
31.376147,0.135998,-1.991989,0.145288,0.196281,0.143456
31.426188,0.141041,-1.991251,0.150948,0.196082,0.142901
31.47623,0.146067,-1.990486,0.156646,0.195877,0.142325
31.526272,0.151078,-1.989695,0.162383,0.195667,0.141731
31.576314,0.156073,-1.988877,0.168162,0.195452,0.141116
31.626355,0.16105,-1.988032,0.173984,0.195233,0.140483
31.676397,0.16601,-1.98716,0.17985,0.195009,0.139829
31.726439,0.170951,-1.986261,0.185762,0.19478,0.139157
31.77648,0.175874,-1.985336,0.191722,0.194548,0.138465
31.826522,0.180778,-1.984384,0.197731,0.194312,0.137753
31.876564,0.185662,-1.983406,0.20379,0.194072,0.137023
31.926606,0.190525,-1.982401,0.209903,0.19383,0.136273
31.976647,0.195368,-1.981369,0.21607,0.193584,0.135504
32.026689,0.20019,-1.980311,0.222293,0.193336,0.134716
32.076731,0.20499,-1.979226,0.228573,0.193085,0.13391
32.126772,0.209767,-1.978114,0.234913,0.192833,0.133084
32.176814,0.214521,-1.976977,0.241315,0.192579,0.13224
32.226856,0.219253,-1.975812,0.24778,0.192323,0.131376
32.276897,0.22396,-1.974621,0.25431,0.192067,0.130495
32.326939,0.228643,-1.973404,0.260907,0.191809,0.129595
32.376981,0.2333,-1.972161,0.267573,0.191552,0.128676
32.427023,0.237933,-1.970891,0.27431,0.191295,0.12774
32.477064,0.24254,-1.969594,0.281119,0.191038,0.126785
32.527106,0.24712,-1.968272,0.288003,0.190781,0.125812
32.577148,0.251673,-1.966923,0.294964,0.190526,0.124821
32.627189,0.256199,-1.965548,0.302004,0.190273,0.123813
32.677231,0.260697,-1.964146,0.309125,0.190021,0.122787
32.727273,0.265167,-1.962719,0.316328,0.189772,0.121743
32.777314,0.269608,-1.961265,0.323617,0.189526,0.120683
32.827356,0.274019,-1.959786,0.330993,0.189282,0.119605
32.877398,0.278401,-1.95828,0.338459,0.189043,0.11851
32.92744,0.282753,-1.956748,0.346016,0.188807,0.117398
32.977481,0.287073,-1.95519,0.353667,0.188576,0.11627
33.027523,0.291363,-1.953607,0.361414,0.188349,0.115126
33.077565,0.295621,-1.951997,0.369259,0.188128,0.113966
33.127606,0.299847,-1.950362,0.377205,0.187913,0.112789
33.177648,0.304041,-1.9487,0.385254,0.187704,0.111598
33.22769,0.308201,-1.947013,0.393408,0.187501,0.110391
33.277731,0.312328,-1.9453,0.40167,0.187306,0.109169
33.327773,0.316421,-1.943562,0.410042,0.187117,0.107932
33.377815,0.32048,-1.941797,0.418526,0.186937,0.106681
33.427857,0.324504,-1.940007,0.427125,0.186765,0.105416
33.477898,0.328493,-1.938192,0.435841,0.186602,0.104137
33.52794,0.332447,-1.936351,0.444677,0.186448,0.102845
33.577982,0.336364,-1.934484,0.453634,0.186304,0.10154
33.628023,0.340245,-1.932592,0.462716,0.18617,0.100223
33.678065,0.344089,-1.930674,0.471925,0.186046,0.098894
33.728107,0.347896,-1.928731,0.481262,0.185933,0.097553
33.778148,0.351665,-1.926763,0.490731,0.185831,0.096202
33.82819,0.355397,-1.924769,0.500335,0.18574,0.09484
33.878232,0.359089,-1.92275,0.510074,0.185662,0.093469
33.928274,0.362743,-1.920706,0.519952,0.185596,0.092089
33.978315,0.366358,-1.918636,0.52997,0.185542,0.0907
34.028357,0.369933,-1.916542,0.540132,0.185501,0.089303
34.078399,0.373469,-1.914422,0.550439,0.185473,0.0879
34.12844,0.376964,-1.912277,0.560893,0.185458,0.08649
34.178482,0.380418,-1.910107,0.571497,0.185457,0.085076
34.228524,0.383831,-1.907912,0.582252,0.18547,0.083656
34.278565,0.387203,-1.905692,0.59316,0.185497,0.082234
34.328607,0.390533,-1.903447,0.604224,0.185538,0.080808
34.378649,0.39382,-1.901178,0.615445,0.185592,0.079382
34.428691,0.397066,-1.898883,0.626825,0.185661,0.077955
34.478732,0.400268,-1.896564,0.638365,0.185744,0.076528
34.528774,0.403428,-1.894219,0.650067,0.185842,0.075104
34.578816,0.406543,-1.89185,0.661932,0.185953,0.073683
34.628857,0.409615,-1.889457,0.673961,0.186078,0.072267
34.678899,0.412643,-1.887038,0.686155,0.186217,0.070856
34.728941,0.415627,-1.884595,0.698515,0.186369,0.069453
34.778982,0.418565,-1.882127,0.711041,0.186535,0.068059
34.829024,0.421459,-1.879635,0.723735,0.186714,0.066675
34.879066,0.424307,-1.877118,0.736597,0.186905,0.065303
34.929108,0.427109,-1.874577,0.749625,0.187108,0.063945
34.979149,0.429866,-1.872011,0.762821,0.187323,0.062603
35.029191,0.432576,-1.869421,0.776184,0.187548,0.061278
35.079233,0.435239,-1.866806,0.789713,0.187785,0.059972
35.129274,0.437856,-1.864167,0.803407,0.188031,0.058687
35.179316,0.440425,-1.861503,0.817266,0.188286,0.057425
35.229358,0.442947,-1.858815,0.831287,0.188549,0.056188
35.279399,0.445421,-1.856103,0.845468,0.18882,0.054978
35.329441,0.447847,-1.853367,0.859808,0.189097,0.053797
35.379483,0.450224,-1.850606,0.874305,0.18938,0.052648
35.429525,0.452553,-1.847821,0.888954,0.189668,0.051532
35.479566,0.454834,-1.845012,0.903755,0.189959,0.050451
35.529608,0.457065,-1.842179,0.918702,0.190253,0.049408
35.57965,0.459246,-1.839321,0.933793,0.190549,0.048405
35.629691,0.461378,-1.83644,0.949022,0.190845,0.047444
35.679733,0.46346,-1.833535,0.964387,0.191141,0.046526
35.729775,0.465492,-1.830605,0.979881,0.191436,0.045656
35.779817,0.467473,-1.827652,0.995501,0.191727,0.044833
35.829858,0.469404,-1.824675,1.011239,0.192015,0.044061
35.8799,0.471283,-1.821674,1.027091,0.192297,0.04334
35.929942,0.473112,-1.818649,1.043051,0.192574,0.042675
35.979983,0.474889,-1.8156,1.059112,0.192844,0.042065
36.030025,0.476614,-1.812528,1.075267,0.193106,0.041513
36.080067,0.478288,-1.809432,1.091509,0.193359,0.04102
36.130108,0.479909,-1.806312,1.107831,0.193602,0.040588
36.18015,0.481478,-1.803169,1.124225,0.193834,0.040219
36.230192,0.482994,-1.800003,1.140684,0.194055,0.039913
36.280234,0.484457,-1.796813,1.157199,0.194263,0.039673
36.330275,0.485868,-1.7936,1.173762,0.194459,0.039498
36.380317,0.487225,-1.790363,1.190365,0.194641,0.03939
36.430359,0.488528,-1.787104,1.206999,0.19481,0.039349
36.4804,0.489778,-1.783821,1.223656,0.194965,0.039376
36.530442,0.490974,-1.780516,1.240326,0.195105,0.039472
36.580484,0.492116,-1.777188,1.257001,0.195231,0.039637
36.630525,0.493203,-1.773837,1.273672,0.195342,0.03987
36.680567,0.494236,-1.770463,1.290329,0.195438,0.040173
36.730609,0.495214,-1.767067,1.306965,0.195521,0.040543
36.780651,0.496138,-1.763649,1.32357,0.195589,0.040982
36.830692,0.497006,-1.760208,1.340135,0.195643,0.041488
36.880734,0.497819,-1.756745,1.356651,0.195684,0.042061
36.930776,0.498577,-1.753261,1.373111,0.195713,0.0427
36.980817,0.499279,-1.749754,1.389505,0.195729,0.043404
37.030859,0.499926,-1.746226,1.405826,0.195734,0.044172
37.080901,0.500517,-1.742676,1.422064,0.195728,0.045003
37.130942,0.501052,-1.739105,1.438213,0.195712,0.045894
37.180984,0.501531,-1.735513,1.454265,0.195688,0.046846
37.231026,0.501954,-1.731899,1.470213,0.195656,0.047855
37.281068,0.502321,-1.728265,1.486048,0.195616,0.048921
37.331109,0.502632,-1.72461,1.501766,0.195571,0.050042
37.381151,0.502886,-1.720935,1.517358,0.195522,0.051216
37.431193,0.503083,-1.717239,1.53282,0.195468,0.05244
37.481234,0.503225,-1.713523,1.548144,0.195413,0.053714
37.531276,0.503309,-1.709787,1.563326,0.195355,0.055035
37.581318,0.503337,-1.706031,1.57836,0.195298,0.056402
37.631359,0.503309,-1.702256,1.593242,0.195241,0.057811
37.681401,0.503224,-1.698461,1.607967,0.195187,0.059262
37.731443,0.503082,-1.694647,1.62253,0.195135,0.060752
37.781485,0.502883,-1.690814,1.636928,0.195088,0.062279
37.831526,0.502628,-1.686962,1.651158,0.195046,0.063841
37.881568,0.502316,-1.683091,1.665216,0.19501,0.065436
37.93161,0.501948,-1.679202,1.679099,0.194981,0.067063
37.981651,0.501523,-1.675294,1.692804,0.19496,0.068719
38.031693,0.501042,-1.671368,1.70633,0.194949,0.070403
38.081735,0.500504,-1.667425,1.719674,0.194947,0.072112
38.131776,0.49991,-1.663463,1.732835,0.194956,0.073846
38.181818,0.499259,-1.659484,1.745811,0.194976,0.075601
38.23186,0.498553,-1.655487,1.758601,0.195008,0.077376
38.281902,0.49779,-1.651473,1.771204,0.195053,0.079171
38.331943,0.496971,-1.647442,1.78362,0.19511,0.080982
38.381985,0.496096,-1.643394,1.795848,0.195182,0.08281
38.432027,0.495166,-1.63933,1.807888,0.195268,0.084651
38.482068,0.494179,-1.635248,1.81974,0.195369,0.086505
38.53211,0.493138,-1.63115,1.831404,0.195484,0.08837
38.582152,0.492041,-1.627036,1.842881,0.195615,0.090245
38.632193,0.490888,-1.622906,1.85417,0.195761,0.092129
38.682235,0.489681,-1.61876,1.865274,0.195923,0.09402
38.732277,0.488419,-1.614598,1.876192,0.196101,0.095918
38.782319,0.487102,-1.610421,1.886926,0.196296,0.097821
38.83236,0.48573,-1.606227,1.897477,0.196506,0.099728
38.882402,0.484304,-1.602019,1.907846,0.196732,0.101638
38.932444,0.482824,-1.597795,1.918035,0.196975,0.10355
38.982485,0.48129,-1.593556,1.928044,0.197234,0.105463
39.032527,0.479702,-1.589303,1.937877,0.197509,0.107377
39.082569,0.478061,-1.585034,1.947534,0.1978,0.10929
39.132611,0.476366,-1.580751,1.957017,0.198107,0.111202
39.182652,0.474619,-1.576453,1.966328,0.198429,0.113112
39.232694,0.472818,-1.57214,1.975469,0.198767,0.115019
39.282736,0.470965,-1.567814,1.984442,0.199121,0.116923
39.332777,0.469059,-1.563473,1.993249,0.199489,0.118822
39.382819,0.467102,-1.559118,2.001892,0.199872,0.120717
39.432861,0.465092,-1.554749,2.010373,0.20027,0.122606
39.482902,0.463031,-1.550367,2.018694,0.200682,0.12449
39.532944,0.460919,-1.54597,2.026858,0.201108,0.126367
39.582986,0.458756,-1.54156,2.034866,0.201547,0.128237
39.633028,0.456541,-1.537136,2.04272,0.202,0.1301
39.683069,0.454277,-1.532699,2.050424,0.202466,0.131954
39.733111,0.451962,-1.528249,2.057979,0.202944,0.133801
39.783153,0.449597,-1.523786,2.065387,0.203434,0.135639
39.833194,0.447183,-1.519309,2.072651,0.203936,0.137467
39.883236,0.44472,-1.514819,2.079772,0.204449,0.139286
39.933278,0.442207,-1.510317,2.086754,0.204974,0.141096
39.983319,0.439646,-1.505802,2.093598,0.205508,0.142895
40.033361,0.437037,-1.501274,2.100307,0.206053,0.144683
40.083403,0.434379,-1.496733,2.106882,0.206608,0.146461
40.133445,0.431674,-1.49218,2.113327,0.207172,0.148228
40.183486,0.428922,-1.487615,2.119642,0.207745,0.149983
40.233528,0.426122,-1.483037,2.125831,0.208326,0.151726
40.28357,0.423276,-1.478447,2.131895,0.208915,0.153458
40.333611,0.420384,-1.473845,2.137837,0.209512,0.155177
40.383653,0.417446,-1.46923,2.143658,0.210116,0.156884
40.433695,0.414462,-1.464604,2.149362,0.210726,0.158579
40.483736,0.411433,-1.459966,2.154949,0.211343,0.16026
40.533778,0.408359,-1.455317,2.160422,0.211966,0.161929
40.58382,0.40524,-1.450655,2.165783,0.212594,0.163584
40.633862,0.402077,-1.445982,2.171034,0.213227,0.165226
40.683903,0.398871,-1.441298,2.176177,0.213864,0.166854
40.733945,0.395621,-1.436602,2.181214,0.214506,0.168468
40.783987,0.392328,-1.431895,2.186147,0.215151,0.170069
40.834028,0.388993,-1.427176,2.190977,0.215799,0.171655
40.88407,0.385615,-1.422447,2.195707,0.216451,0.173227
40.934112,0.382195,-1.417706,2.200338,0.217104,0.174785
40.984153,0.378734,-1.412955,2.204872,0.21776,0.176328
41.034195,0.375232,-1.408192,2.209311,0.218417,0.177857
41.084237,0.37169,-1.403419,2.213657,0.219075,0.17937
41.134279,0.368107,-1.398636,2.217911,0.219734,0.180869
41.18432,0.364484,-1.393842,2.222075,0.220393,0.182353
41.234362,0.360822,-1.389037,2.226151,0.221052,0.183822
41.284404,0.35712,-1.384222,2.23014,0.221711,0.185276
41.334445,0.353381,-1.379397,2.234043,0.222368,0.186714
41.384487,0.349603,-1.374561,2.237864,0.223024,0.188137
41.434529,0.345787,-1.369716,2.241601,0.223679,0.189544
41.48457,0.341934,-1.364861,2.245259,0.224331,0.190936
41.534612,0.338044,-1.359996,2.248837,0.224982,0.192313
41.584654,0.334118,-1.355121,2.252337,0.225629,0.193673
41.634696,0.330155,-1.350236,2.255761,0.226273,0.195018
41.684737,0.326157,-1.345342,2.25911,0.226913,0.196347
41.734779,0.322124,-1.340439,2.262384,0.227549,0.19766
41.784821,0.318057,-1.335526,2.265587,0.228181,0.198956
41.834862,0.313955,-1.330605,2.268718,0.228808,0.200237
41.884904,0.309819,-1.325674,2.271779,0.229431,0.201502
41.934946,0.30565,-1.320734,2.274772,0.230048,0.20275
41.984987,0.301448,-1.315785,2.277696,0.230659,0.203983
42.035029,0.297214,-1.310828,2.280555,0.231264,0.205199
42.085071,0.292947,-1.305862,2.283347,0.231862,0.206398
42.135113,0.28865,-1.300887,2.286076,0.232454,0.207581
42.185154,0.284321,-1.295905,2.288741,0.233039,0.208748
42.235196,0.279961,-1.290913,2.291343,0.233616,0.209898
42.285238,0.275572,-1.285914,2.293884,0.234186,0.211032
42.335279,0.271153,-1.280907,2.296365,0.234748,0.212149
42.385321,0.266705,-1.275892,2.298786,0.235301,0.21325
42.435363,0.262228,-1.270869,2.301149,0.235846,0.214334
42.485405,0.257723,-1.265839,2.303454,0.236382,0.215401
42.535446,0.25319,-1.260801,2.305702,0.236909,0.216452
42.585488,0.248631,-1.255756,2.307894,0.237426,0.217485
42.63553,0.244044,-1.250704,2.31003,0.237934,0.218502
42.685571,0.239431,-1.245644,2.312112,0.238432,0.219502
42.735613,0.234793,-1.240578,2.31414,0.238919,0.220486
42.785655,0.23013,-1.235504,2.316115,0.239396,0.221452
42.835696,0.225441,-1.230425,2.318038,0.239862,0.222401
42.885738,0.220729,-1.225338,2.319909,0.240317,0.223334
42.93578,0.215993,-1.220245,2.321728,0.240761,0.22425
42.985822,0.211233,-1.215146,2.323497,0.241193,0.225148
43.035863,0.206451,-1.210041,2.325217,0.241614,0.22603
43.085905,0.201647,-1.204929,2.326886,0.242022,0.226894
43.135947,0.196822,-1.199812,2.328507,0.242419,0.227742
43.185988,0.191975,-1.194689,2.33008,0.242803,0.228572
43.23603,0.187107,-1.18956,2.331604,0.243174,0.229385
43.286072,0.18222,-1.184426,2.333082,0.243533,0.230181
43.336113,0.177313,-1.179287,2.334512,0.243879,0.23096
43.386155,0.172387,-1.174143,2.335897,0.244212,0.231722
43.436197,0.167442,-1.168993,2.337235,0.244531,0.232467
43.486239,0.16248,-1.163839,2.338527,0.244836,0.233194
43.53628,0.1575,-1.15868,2.339775,0.245128,0.233904
43.586322,0.152503,-1.153516,2.340977,0.245406,0.234597
43.636364,0.14749,-1.148348,2.342135,0.24567,0.235273
43.686405,0.142461,-1.143176,2.343249,0.24592,0.235931
43.736447,0.137417,-1.137999,2.34432,0.246156,0.236573
43.786489,0.132358,-1.132819,2.345346,0.246376,0.237197
43.83653,0.127285,-1.127634,2.34633,0.246583,0.237803
43.886572,0.122198,-1.122446,2.347271,0.246774,0.238393
43.936614,0.117098,-1.117254,2.348169,0.24695,0.238965
43.986656,0.111986,-1.112059,2.349024,0.247112,0.23952
44.036697,0.106861,-1.106861,2.349838,0.247258,0.240058
44.086739,0.101726,-1.101659,2.350609,0.247388,0.240578
44.136781,0.096579,-1.096455,2.351339,0.247504,0.241081
44.186822,0.091422,-1.091248,2.352027,0.247603,0.241567
44.236864,0.086255,-1.086038,2.352674,0.247687,0.242035
44.286906,0.081079,-1.080825,2.353279,0.247755,0.242487
44.336947,0.075894,-1.07561,2.353844,0.247807,0.242921
44.386989,0.070702,-1.070393,2.354367,0.247844,0.243338
44.437031,0.065502,-1.065174,2.35485,0.247864,0.243737
44.487073,0.060294,-1.059952,2.355292,0.247867,0.24412
44.537114,0.055081,-1.054729,2.355693,0.247855,0.244485
44.587156,0.049861,-1.049505,2.356054,0.247826,0.244834
44.637198,0.044637,-1.044279,2.356375,0.247781,0.245165
44.687239,0.039407,-1.039051,2.356655,0.247719,0.245479
44.737281,0.034174,-1.033822,2.356895,0.24764,0.245776
44.787323,0.028936,-1.028593,2.357095,0.247545,0.246055
44.837364,0.023696,-1.023362,2.357255,0.247433,0.246318
44.887406,0.018454,-1.01813,2.357374,0.247304,0.246564
44.937448,0.013209,-1.012898,2.357454,0.247159,0.246793
44.98749,0.007964,-1.007666,2.357493,0.246996,0.247005
45.037531,0.002717,-1.002433,2.357492,0.246816,0.247201
45.087573,-0.00253,-0.9972,2.35745,0.24662,0.247379
45.137615,-0.007776,-0.991967,2.357369,0.246406,0.247541
45.187656,-0.013021,-0.986734,2.357247,0.246175,0.247686
45.237698,-0.018265,-0.981501,2.357085,0.245927,0.247815
45.28774,-0.023506,-0.976269,2.356883,0.245661,0.247927
45.337781,-0.028745,-0.971037,2.35664,0.245378,0.248022
45.387823,-0.033981,-0.965806,2.356357,0.245078,0.248101
45.437865,-0.039213,-0.960576,2.356033,0.244761,0.248164
45.487907,-0.04444,-0.955347,2.355669,0.244426,0.24821
45.537948,-0.049662,-0.950119,2.355263,0.244074,0.24824
45.58799,-0.054879,-0.944892,2.354817,0.243705,0.248254
45.638032,-0.06009,-0.939667,2.35433,0.243318,0.248252
45.688073,-0.065294,-0.934444,2.353801,0.242913,0.248234
45.738115,-0.070491,-0.929222,2.353231,0.242491,0.2482
45.788157,-0.07568,-0.924002,2.352619,0.242052,0.24815
45.838198,-0.080861,-0.918784,2.351966,0.241595,0.248084
45.88824,-0.086033,-0.913568,2.35127,0.24112,0.248003
45.938282,-0.091195,-0.908355,2.350533,0.240628,0.247907
45.988324,-0.096348,-0.903144,2.349753,0.240118,0.247795
46.038365,-0.101489,-0.897936,2.348931,0.239591,0.247667
46.088407,-0.10662,-0.89273,2.348065,0.239047,0.247525
46.138449,-0.111738,-0.887527,2.347157,0.238484,0.247367
46.18849,-0.116845,-0.882328,2.346205,0.237905,0.247194
46.238532,-0.121938,-0.877131,2.34521,0.237308,0.247007
46.288574,-0.127019,-0.871938,2.344171,0.236693,0.246805
46.338616,-0.132085,-0.866749,2.343087,0.236061,0.246588
46.388657,-0.137137,-0.861563,2.341959,0.235411,0.246357
46.438699,-0.142173,-0.856381,2.340786,0.234744,0.246111
46.488741,-0.147194,-0.851202,2.339569,0.234059,0.245852
46.538782,-0.152199,-0.846028,2.338305,0.233357,0.245578
46.588824,-0.157187,-0.840858,2.336996,0.232638,0.24529
46.638866,-0.162158,-0.835693,2.33564,0.231901,0.244989
46.688907,-0.167112,-0.830532,2.334238,0.231146,0.244674
46.738949,-0.172046,-0.825375,2.332788,0.230375,0.244346
46.788991,-0.176962,-0.820224,2.331291,0.229586,0.244004
46.839033,-0.181859,-0.815077,2.329747,0.22878,0.243649
46.889074,-0.186735,-0.809935,2.328153,0.227957,0.243282
46.939116,-0.191592,-0.804799,2.326512,0.227116,0.242902
46.989158,-0.196427,-0.799668,2.32482,0.226258,0.242509
47.039199,-0.20124,-0.794542,2.323079,0.225384,0.242104
47.089241,-0.206032,-0.789422,2.321288,0.224492,0.241686
47.139283,-0.210801,-0.784308,2.319445,0.223583,0.241257
47.189324,-0.215547,-0.7792,2.317552,0.222657,0.240816
47.239366,-0.220269,-0.774098,2.315606,0.221714,0.240363
47.289408,-0.224967,-0.769002,2.313608,0.220754,0.239899
47.33945,-0.229641,-0.763913,2.311557,0.219777,0.239424
47.389491,-0.234289,-0.758829,2.309452,0.218784,0.238938
47.439533,-0.238912,-0.753753,2.307292,0.217774,0.238441
47.489575,-0.243508,-0.748683,2.305078,0.216747,0.237934
47.539616,-0.248078,-0.743621,2.302808,0.215703,0.237416
47.589658,-0.252621,-0.738565,2.300482,0.214643,0.236888
47.6397,-0.257136,-0.733517,2.298098,0.213567,0.236351
47.689741,-0.261623,-0.728475,2.295657,0.212474,0.235804
47.739783,-0.266081,-0.723442,2.293158,0.211364,0.235248
47.789825,-0.270511,-0.718416,2.290599,0.210239,0.234683
47.839867,-0.27491,-0.713397,2.28798,0.209097,0.234109
47.889908,-0.27928,-0.708387,2.2853,0.207938,0.233527
47.93995,-0.283619,-0.703385,2.282558,0.206764,0.232936
47.989992,-0.287927,-0.69839,2.279754,0.205574,0.232338
48.040033,-0.292203,-0.693405,2.276886,0.204368,0.231732
48.090075,-0.296448,-0.688427,2.273954,0.203145,0.231118
48.140117,-0.30066,-0.683458,2.270957,0.201907,0.230498
48.190158,-0.304839,-0.678498,2.267894,0.200654,0.22987
48.2402,-0.308985,-0.673547,2.264764,0.199384,0.229237
48.290242,-0.313097,-0.668605,2.261565,0.198099,0.228597
48.340284,-0.317175,-0.663671,2.258298,0.196799,0.227951
48.390325,-0.321218,-0.658747,2.25496,0.195483,0.2273
48.440367,-0.325227,-0.653833,2.251551,0.194152,0.226644
48.490409,-0.329199,-0.648928,2.248069,0.192805,0.225983
48.54045,-0.333136,-0.644033,2.244515,0.191444,0.225318
48.590492,-0.337036,-0.639147,2.240885,0.190067,0.224648
48.640534,-0.340899,-0.634271,2.23718,0.188675,0.223975
48.690575,-0.344726,-0.629406,2.233398,0.187269,0.223298
48.740617,-0.348514,-0.624551,2.229538,0.185848,0.222619
48.790659,-0.352265,-0.619706,2.225598,0.184412,0.221936
48.840701,-0.355977,-0.614871,2.221578,0.182962,0.221252
48.890742,-0.35965,-0.610047,2.217475,0.181497,0.220565
48.940784,-0.363284,-0.605234,2.213289,0.180018,0.219877
48.990826,-0.366878,-0.600431,2.209019,0.178525,0.219188
49.040867,-0.370432,-0.59564,2.204662,0.177017,0.218499
49.090909,-0.373946,-0.59086,2.200217,0.175496,0.217809
49.140951,-0.377419,-0.586091,2.195684,0.173961,0.217119
49.190992,-0.380851,-0.581333,2.19106,0.172412,0.21643
49.241034,-0.384241,-0.576587,2.186343,0.170849,0.215741
49.291076,-0.387589,-0.571852,2.181534,0.169273,0.215055
49.341118,-0.390895,-0.56713,2.176628,0.167684,0.21437
49.391159,-0.394158,-0.562419,2.171626,0.166081,0.213687
49.441201,-0.397379,-0.55772,2.166526,0.164466,0.213008
49.491243,-0.400556,-0.553033,2.161325,0.162838,0.212331
49.541284,-0.403689,-0.548359,2.156022,0.161196,0.211658
49.591326,-0.406779,-0.543697,2.150615,0.159543,0.21099
49.641368,-0.409824,-0.539047,2.145103,0.157877,0.210326
49.69141,-0.412824,-0.53441,2.139484,0.156199,0.209667
49.741451,-0.41578,-0.529786,2.133755,0.154509,0.209014
49.791493,-0.41869,-0.525174,2.127915,0.152807,0.208367
49.841535,-0.421554,-0.520576,2.121962,0.151093,0.207726
49.891576,-0.424373,-0.515991,2.115894,0.149369,0.207093
49.941618,-0.427145,-0.511419,2.10971,0.147633,0.206467
49.99166,-0.429871,-0.50686,2.103406,0.145886,0.205849
50.041701,-0.43255,-0.502315,2.096981,0.144128,0.20524
50.091743,-0.435182,-0.497783,2.090433,0.14236,0.20464
50.141785,-0.437767,-0.493265,2.083761,0.140582,0.20405
50.191827,-0.440304,-0.488761,2.076961,0.138794,0.203469
50.241868,-0.442793,-0.484271,2.070031,0.136996,0.202899
50.29191,-0.445234,-0.479795,2.06297,0.13519,0.20234
50.341952,-0.447626,-0.475333,2.055775,0.133374,0.201793
50.391993,-0.44997,-0.470885,2.048445,0.13155,0.201257
50.442035,-0.452265,-0.466452,2.040976,0.129717,0.200735
50.492077,-0.45451,-0.462033,2.033367,0.127877,0.200225
50.542118,-0.456707,-0.457628,2.025616,0.12603,0.199728
50.59216,-0.458853,-0.453239,2.017719,0.124175,0.199245
50.642202,-0.46095,-0.448864,2.009676,0.122314,0.198777
50.692244,-0.462997,-0.444504,2.001484,0.120447,0.198324
50.742285,-0.464993,-0.440159,1.99314,0.118575,0.197885
50.792327,-0.466939,-0.435829,1.984642,0.116697,0.197462
50.842369,-0.468834,-0.431515,1.975989,0.114816,0.197055
50.89241,-0.470678,-0.427216,1.967177,0.11293,0.196665
50.942452,-0.472471,-0.422932,1.958206,0.111042,0.196291
50.992494,-0.474212,-0.418663,1.949072,0.109151,0.195934
51.042535,-0.475902,-0.414411,1.939774,0.107258,0.195594
51.092577,-0.477541,-0.410174,1.930309,0.105364,0.195272
51.142619,-0.479127,-0.405952,1.920676,0.10347,0.194968
51.192661,-0.480662,-0.401747,1.910873,0.101577,0.194682
51.242702,-0.482144,-0.397558,1.900897,0.099685,0.194413
51.292744,-0.483574,-0.393384,1.890748,0.097796,0.194164
51.342786,-0.484951,-0.389227,1.880423,0.09591,0.193932
51.392827,-0.486276,-0.385086,1.86992,0.094029,0.193719
51.442869,-0.487548,-0.380962,1.859239,0.092153,0.193525
51.492911,-0.488767,-0.376854,1.848378,0.090284,0.193349
51.542952,-0.489933,-0.372762,1.837336,0.088423,0.193191
51.592994,-0.491046,-0.368687,1.82611,0.086571,0.193052
51.643036,-0.492105,-0.364628,1.814702,0.084729,0.192931
51.693078,-0.493111,-0.360587,1.803109,0.0829,0.192828
51.743119,-0.494063,-0.356562,1.791331,0.081083,0.192742
51.793161,-0.494961,-0.352554,1.779367,0.079281,0.192674
51.843203,-0.495806,-0.348563,1.767218,0.077495,0.192622
51.893244,-0.496597,-0.344589,1.754883,0.075726,0.192587
51.943286,-0.497333,-0.340633,1.742362,0.073977,0.192568
51.993328,-0.498016,-0.336693,1.729656,0.07225,0.192564
52.043369,-0.498644,-0.332771,1.716765,0.070545,0.192575
52.093411,-0.499218,-0.328866,1.70369,0.068864,0.1926
52.143453,-0.499738,-0.324979,1.690433,0.06721,0.192638
52.193495,-0.500203,-0.321109,1.676994,0.065584,0.192688
52.243536,-0.500614,-0.317257,1.663376,0.063988,0.19275
52.293578,-0.50097,-0.313422,1.64958,0.062425,0.192823
52.34362,-0.501271,-0.309605,1.635609,0.060896,0.192905
52.393661,-0.501518,-0.305806,1.621465,0.059402,0.192996
52.443703,-0.50171,-0.302025,1.607151,0.057947,0.193094
52.493745,-0.501847,-0.298262,1.592671,0.056532,0.193199
52.543786,-0.501928,-0.294517,1.578028,0.055159,0.19331
52.593828,-0.501955,-0.29079,1.563227,0.053831,0.193424
52.64387,-0.501927,-0.287081,1.54827,0.052549,0.193542
52.693912,-0.501844,-0.283391,1.533164,0.051315,0.193661
52.743953,-0.501706,-0.279719,1.517912,0.050131,0.193781
52.793995,-0.501513,-0.276065,1.502521,0.048999,0.1939
52.844037,-0.501264,-0.27243,1.486996,0.047921,0.194017
52.894078,-0.50096,-0.268814,1.471343,0.046898,0.194131
52.94412,-0.500601,-0.265216,1.455568,0.045934,0.19424
52.994162,-0.500187,-0.261638,1.439678,0.045028,0.194344
53.044204,-0.499718,-0.258078,1.42368,0.044183,0.194442
53.094245,-0.499193,-0.254537,1.407581,0.043399,0.194532
53.144287,-0.498613,-0.251016,1.391388,0.04268,0.194613
53.194329,-0.497978,-0.247513,1.37511,0.042024,0.194685
53.24437,-0.497287,-0.244031,1.358753,0.041435,0.194746
53.294412,-0.496542,-0.240567,1.342327,0.040911,0.194795
53.344454,-0.495741,-0.237123,1.325839,0.040455,0.194833
53.394495,-0.494885,-0.2337,1.309299,0.040067,0.194858
53.444537,-0.493974,-0.230295,1.292714,0.039748,0.194869
53.494579,-0.493008,-0.226911,1.276094,0.039497,0.194867
53.544621,-0.491987,-0.223547,1.259447,0.039315,0.194851
53.594662,-0.490911,-0.220204,1.242783,0.039202,0.19482
53.644704,-0.48978,-0.216881,1.226109,0.039157,0.194775
53.694746,-0.488594,-0.213578,1.209436,0.039181,0.194715
53.744787,-0.487354,-0.210296,1.192772,0.039272,0.19464
53.794829,-0.486059,-0.207035,1.176125,0.039431,0.194551
53.844871,-0.484709,-0.203795,1.159505,0.039656,0.194448
53.894912,-0.483306,-0.200577,1.14292,0.039946,0.194331
53.944954,-0.481847,-0.197379,1.126379,0.040301,0.194201
53.994996,-0.480335,-0.194203,1.10989,0.040719,0.194057
54.045038,-0.478769,-0.191049,1.09346,0.041198,0.193902
54.095079,-0.477149,-0.187917,1.077099,0.041737,0.193734
54.145121,-0.475475,-0.184807,1.060814,0.042335,0.193556
54.195163,-0.473748,-0.181719,1.044612,0.04299,0.193368
54.245204,-0.471967,-0.178653,1.0285,0.043699,0.193171
54.295246,-0.470133,-0.17561,1.012485,0.044462,0.192965
54.345288,-0.468247,-0.172589,0.996574,0.045276,0.192752
54.395329,-0.466307,-0.169591,0.980773,0.046139,0.192532
54.445371,-0.464315,-0.166616,0.965088,0.047049,0.192307
54.495413,-0.462271,-0.163665,0.949525,0.048005,0.192077
54.545455,-0.460175,-0.160736,0.934088,0.049003,0.191844
54.595496,-0.458027,-0.157832,0.918784,0.050042,0.191609
54.645538,-0.455828,-0.15495,0.903616,0.05112,0.191373
54.69558,-0.453577,-0.152093,0.888589,0.052234,0.191136
54.745621,-0.451275,-0.149259,0.873707,0.053383,0.190899
54.795663,-0.448923,-0.14645,0.858973,0.054563,0.190664
54.845705,-0.44652,-0.143665,0.84439,0.055774,0.190432
54.895746,-0.444067,-0.140904,0.829963,0.057013,0.190203
54.945788,-0.441564,-0.138168,0.815692,0.058278,0.189979
54.99583,-0.439012,-0.135456,0.801582,0.059567,0.189759
55.045872,-0.436411,-0.132769,0.787632,0.060877,0.189546
55.095913,-0.433761,-0.130107,0.773846,0.062208,0.189339
55.145955,-0.431062,-0.12747,0.760225,0.063557,0.18914
55.195997,-0.428315,-0.124858,0.74677,0.064922,0.188948
55.246038,-0.42552,-0.122271,0.733481,0.066302,0.188766
55.29608,-0.422678,-0.11971,0.72036,0.067694,0.188592
55.346122,-0.419789,-0.117174,0.707407,0.069098,0.188428
55.396163,-0.416853,-0.114664,0.694621,0.070511,0.188274
55.446205,-0.413871,-0.112179,0.682004,0.071933,0.188131
55.496247,-0.410842,-0.10972,0.669554,0.073361,0.187999
55.546289,-0.407768,-0.107287,0.657272,0.074794,0.187878
55.59633,-0.404649,-0.10488,0.645155,0.076231,0.187768
55.646372,-0.401485,-0.102498,0.633205,0.07767,0.18767
55.696414,-0.398277,-0.100143,0.621419,0.079111,0.187583
55.746455,-0.395024,-0.097814,0.609797,0.080552,0.187509
55.796497,-0.391728,-0.095511,0.598338,0.081992,0.187447
55.846539,-0.388388,-0.093235,0.587039,0.083429,0.187396
55.89658,-0.385006,-0.090985,0.5759,0.084864,0.187358
55.946622,-0.381581,-0.088761,0.564918,0.086294,0.187332
55.996664,-0.378115,-0.086564,0.554093,0.08772,0.187318
56.046706,-0.374606,-0.084393,0.543421,0.089139,0.187316
56.096747,-0.371057,-0.082249,0.532903,0.090552,0.187325
56.146789,-0.367467,-0.080131,0.522534,0.091957,0.187346
56.196831,-0.363836,-0.07804,0.512314,0.093354,0.187379
56.246872,-0.360166,-0.075976,0.50224,0.094741,0.187423
56.296914,-0.356456,-0.073939,0.492309,0.09612,0.187478
56.346956,-0.352707,-0.071928,0.482521,0.097487,0.187543
56.396997,-0.34892,-0.069944,0.472872,0.098844,0.187619
56.447039,-0.345095,-0.067987,0.463361,0.10019,0.187705
56.497081,-0.341232,-0.066057,0.453984,0.101523,0.187802
56.547123,-0.337331,-0.064154,0.44474,0.102844,0.187908
56.597164,-0.333394,-0.062277,0.435626,0.104152,0.188023
56.647206,-0.329421,-0.060428,0.42664,0.105446,0.188147
56.697248,-0.325412,-0.058606,0.417779,0.106727,0.18828
56.747289,-0.321367,-0.05681,0.409041,0.107993,0.188421
56.797331,-0.317288,-0.055042,0.400424,0.109245,0.188569
56.847373,-0.313174,-0.0533,0.391925,0.110482,0.188726
56.897415,-0.309026,-0.051586,0.383542,0.111703,0.18889
56.947456,-0.304845,-0.049899,0.375272,0.112909,0.18906
56.997498,-0.300631,-0.048239,0.367113,0.114099,0.189237
57.04754,-0.296384,-0.046606,0.359062,0.115272,0.18942
57.097581,-0.292105,-0.045,0.351118,0.116429,0.189608
57.147623,-0.287794,-0.043421,0.343277,0.11757,0.189802
57.197665,-0.283453,-0.041869,0.335538,0.118693,0.190001
57.247706,-0.279081,-0.040344,0.327898,0.119799,0.190204
57.297748,-0.274678,-0.038847,0.320355,0.120888,0.190412
57.34779,-0.270246,-0.037376,0.312906,0.121959,0.190623
57.397832,-0.265785,-0.035933,0.305549,0.123012,0.190837
57.447873,-0.261296,-0.034517,0.298282,0.124047,0.191055
57.497915,-0.256778,-0.033128,0.291102,0.125065,0.191275
57.547957,-0.252232,-0.031766,0.284008,0.126063,0.191497
57.597998,-0.24766,-0.030431,0.276998,0.127044,0.191722
57.64804,-0.243061,-0.029123,0.270068,0.128006,0.191948
57.698082,-0.238435,-0.027843,0.263217,0.128949,0.192175
57.748123,-0.233784,-0.02659,0.256443,0.129873,0.192403
57.798165,-0.229108,-0.025364,0.249743,0.130778,0.192631
57.848207,-0.224408,-0.024165,0.243116,0.131664,0.19286
57.898249,-0.219683,-0.022993,0.236559,0.132531,0.193088
57.94829,-0.214935,-0.021848,0.230071,0.133379,0.193316
57.998332,-0.210163,-0.020731,0.223649,0.134207,0.193543
58.048374,-0.205369,-0.01964,0.217292,0.135016,0.193769
58.098415,-0.200554,-0.018577,0.210997,0.135805,0.193993
58.148457,-0.195716,-0.017541,0.204762,0.136575,0.194216
58.198499,-0.190858,-0.016532,0.198587,0.137325,0.194437
58.24854,-0.18598,-0.01555,0.192467,0.138055,0.194655
58.298582,-0.181081,-0.014596,0.186403,0.138766,0.194871
58.348624,-0.176163,-0.013668,0.180392,0.139456,0.195084
58.398666,-0.171227,-0.012768,0.174432,0.140127,0.195293
58.448707,-0.166272,-0.011895,0.168521,0.140778,0.195499
58.498749,-0.161299,-0.011049,0.162658,0.141408,0.195702
58.548791,-0.156309,-0.01023,0.156841,0.142019,0.1959
58.598832,-0.151302,-0.009438,0.151068,0.142609,0.196094
58.648874,-0.14628,-0.008673,0.145338,0.14318,0.196284
58.698916,-0.141241,-0.007936,0.139648,0.14373,0.196469
58.748957,-0.136188,-0.007226,0.133997,0.14426,0.19665
58.798999,-0.13112,-0.006542,0.128384,0.144769,0.196825
58.849041,-0.126039,-0.005886,0.122806,0.145259,0.196995
58.899083,-0.120943,-0.005258,0.117263,0.145728,0.197159
58.949124,-0.115835,-0.004656,0.111753,0.146176,0.197318
58.999166,-0.110715,-0.004081,0.106273,0.146605,0.197471
59.049208,-0.105583,-0.003534,0.100823,0.147013,0.197618
59.099249,-0.10044,-0.003013,0.095401,0.1474,0.197758
59.149291,-0.095286,-0.00252,0.090006,0.147767,0.197892
59.199333,-0.090122,-0.002054,0.084635,0.148114,0.19802
59.249374,-0.084949,-0.001615,0.079288,0.14844,0.198141
59.299416,-0.079766,-0.001204,0.073963,0.148746,0.198255
59.349458,-0.074576,-0.000819,0.068659,0.149031,0.198362
59.3995,-0.069377,-0.000461,0.063373,0.149296,0.198463
59.449541,-0.064171,-0.000131,0.058105,0.149541,0.198555
59.499583,-0.058958,0.000172,0.052854,0.149765,0.198641
59.549625,-0.05374,0.000448,0.047617,0,0
59.599666,-0.05374,0.000448,0.047617,0,0
59.649708,-0.05374,0.000448,0.047617,0,0
59.69975,-0.05374,0.000448,0.047617,0,0
59.749791,-0.05374,0.000448,0.047617,0,0
59.799833,-0.05374,0.000448,0.047617,0,0
59.849875,-0.05374,0.000448,0.047617,0,0
59.899917,-0.05374,0.000448,0.047617,0,0
59.949958,-0.05374,0.000448,0.047617,0,0
60,-0.05374,0.000448,0.047617,0,0
